timestamp,EURUSD,GBPUSD,USDJPY,EURGBP,EURJPY,EOLD_EUR
2026-09-21T00:00:00+00:00,1.100000,1.300000,150.000000,0.846170,165.000000,1800.000000
2026-09-21T01:00:00+00:00,1.100420,1.300180,150.014000,0.846270,165.008400,1800.460000
2026-09-21T02:00:00+00:00,1.100910,1.300390,150.031000,0.846370,165.017200,1800.940000
2026-09-21T03:00:00+00:00,1.101350,1.300560,150.045000,0.846470,165.025200,1801.390000
2026-09-21T04:00:00+00:00,1.101820,1.300760,150.062000,0.846570,165.033700,1801.870000
2026-09-21T05:00:00+00:00,1.102240,1.300940,150.076000,0.846670,165.041500,1802.310000
2026-09-21T06:00:00+00:00,1.102710,1.301150,150.093000,0.846770,165.049800,1802.790000
2026-09-21T07:00:00+00:00,1.103130,1.301330,150.107000,0.846870,165.057400,1803.230000
2026-09-21T08:00:00+00:00,1.103590,1.301540,150.124000,0.846970,165.065500,1803.710000
2026-09-21T09:00:00+00:00,1.104010,1.301720,150.138000,0.847070,165.072900,1804.150000
2026-09-21T10:00:00+00:00,1.104470,1.301930,150.155000,0.847170,165.080800,1804.630000
2026-09-21T11:00:00+00:00,1.104880,1.302110,150.169000,0.847270,165.088000,1805.070000
2026-09-21T12:00:00+00:00,1.105340,1.302320,150.186000,0.847370,165.095700,1805.550000
2026-09-21T13:00:00+00:00,1.105760,1.302500,150.200000,0.847470,165.102700,1806.010000
2026-09-21T14:00:00+00:00,1.106220,1.302710,150.217000,0.847570,165.110200,1806.490000
2026-09-21T15:00:00+00:00,1.106630,1.302890,150.231000,0.847670,165.117000,1806.930000
2026-09-21T16:00:00+00:00,1.107090,1.303100,150.248000,0.847770,165.124300,1807.410000
2026-09-21T17:00:00+00:00,1.107510,1.303280,150.262000,0.847870,165.131000,1807.850000
2026-09-21T18:00:00+00:00,1.107970,1.303490,150.279000,0.847970,165.138200,1808.330000
2026-09-21T19:00:00+00:00,1.108390,1.303670,150.293000,0.848070,165.144700,1808.770000
2026-09-21T20:00:00+00:00,1.108850,1.303880,150.310000,0.848170,165.151700,1809.250000
2026-09-21T21:00:00+00:00,1.109270,1.304060,150.324000,0.848270,165.158000,1809.690000
2026-09-21T22:00:00+00:00,1.109730,1.304270,150.341000,0.848370,165.165000,1810.170000
2026-09-21T23:00:00+00:00,1.110150,1.304450,150.355000,0.848470,165.171300,1810.610000
2026-09-22T00:00:00+00:00,1.110610,1.304660,150.372000,0.848570,165.178000,1811.090000
2026-09-22T01:00:00+00:00,1.111030,1.304840,150.386000,0.848670,165.184000,1811.530000
2026-09-22T02:00:00+00:00,1.111490,1.305050,150.403000,0.848770,165.191300,1812.010000
2026-09-22T03:00:00+00:00,1.111910,1.305230,150.417000,0.848870,165.197900,1812.450000
2026-09-22T04:00:00+00:00,1.112370,1.305440,150.434000,0.848970,165.205200,1812.930000
2026-09-22T05:00:00+00:00,1.112790,1.305620,150.448000,0.849070,165.211500,1813.370000
2026-09-22T06:00:00+00:00,1.113260,1.305830,150.465000,0.849170,165.218400,1813.850000
2026-09-22T07:00:00+00:00,1.113680,1.306010,150.479000,0.849270,165.224600,1814.290000
2026-09-22T08:00:00+00:00,1.114140,1.306220,150.496000,0.849370,165.231400,1814.770000
2026-09-22T09:00:00+00:00,1.114560,1.306400,150.510000,0.849470,165.237700,1815.210000
2026-09-22T10:00:00+00:00,1.115020,1.306610,150.527000,0.849570,165.244500,1815.690000
2026-09-22T11:00:00+00:00,1.115440,1.306790,150.541000,0.849670,165.250800,1816.130000
2026-09-22T12:00:00+00:00,1.115900,1.307000,150.558000,0.849770,165.257500,1816.610000
2026-09-22T13:00:00+00:00,1.116320,1.307180,150.572000,0.849870,165.263500,1817.050000
2026-09-22T14:00:00+00:00,1.116780,1.307390,150.589000,0.849970,165.270100,1817.530000
2026-09-22T15:00:00+00:00,1.117200,1.307570,150.603000,0.850070,165.276000,1817.970000
2026-09-22T16:00:00+00:00,1.117660,1.307780,150.620000,0.850170,165.282800,1818.450000
2026-09-22T17:00:00+00:00,1.118080,1.307960,150.634000,0.850270,165.288700,1818.890000
2026-09-22T18:00:00+00:00,1.118540,1.308170,150.651000,0.850370,165.295100,1819.370000
2026-09-22T19:00:00+00:00,1.118960,1.308350,150.665000,0.850470,165.301000,1819.810000
2026-09-22T20:00:00+00:00,1.119420,1.308560,150.682000,0.850570,165.307700,1820.290000
2026-09-22T21:00:00+00:00,1.119840,1.308740,150.696000,0.850670,165.313600,1820.730000
2026-09-22T22:00:00+00:00,1.120300,1.308950,150.713000,0.850770,165.320000,1821.210000
2026-09-22T23:00:00+00:00,1.120720,1.309130,150.727000,0.850870,165.325700,1821.650000
2026-09-23T00:00:00+00:00,1.121180,1.309340,150.744000,0.850970,165.332100,1822.130000
2026-09-23T01:00:00+00:00,1.121600,1.309520,150.758000,0.851070,165.337900,1822.570000
2026-09-23T02:00:00+00:00,1.122060,1.309730,150.775000,0.851170,165.344300,1823.050000
2026-09-23T03:00:00+00:00,1.122480,1.309910,150.789000,0.851270,165.350000,1823.490000
2026-09-23T04:00:00+00:00,1.122940,1.310120,150.806000,0.851370,165.356400,1823.970000
2026-09-23T05:00:00+00:00,1.123360,1.310300,150.820000,0.851470,165.362200,1824.410000
2026-09-23T06:00:00+00:00,1.123830,1.310520,150.837000,0.851570,165.368600,1824.890000
2026-09-23T07:00:00+00:00,1.124250,1.310700,150.851000,0.851670,165.374200,1825.330000
2026-09-23T08:00:00+00:00,1.124710,1.310920,150.868000,0.851770,165.380600,1825.810000
2026-09-23T09:00:00+00:00,1.125130,1.311100,150.882000,0.851870,165.386300,1826.250000
2026-09-23T10:00:00+00:00,1.125590,1.311320,150.899000,0.851970,165.392700,1826.730000
2026-09-23T11:00:00+00:00,1.126010,1.311500,150.913000,0.852070,165.398500,1827.170000
2026-09-23T12:00:00+00:00,1.126470,1.311710,150.930000,0.852170,165.404800,1827.650000
2026-09-23T13:00:00+00:00,1.126890,1.311890,150.944000,0.852270,165.410600,1828.090000
2026-09-23T14:00:00+00:00,1.127350,1.312100,150.961000,0.852370,165.417000,1828.570000
2026-09-23T15:00:00+00:00,1.127770,1.312280,150.975000,0.852470,165.422700,1829.010000
2026-09-23T16:00:00+00:00,1.128230,1.312490,150.992000,0.852570,165.429000,1829.490000
2026-09-23T17:00:00+00:00,1.128650,1.312670,151.006000,0.852670,165.434700,1829.930000
2026-09-23T18:00:00+00:00,1.129110,1.312880,151.023000,0.852770,165.441000,1830.410000
2026-09-23T19:00:00+00:00,1.129530,1.313060,151.037000,0.852870,165.446800,1830.850000
2026-09-23T20:00:00+00:00,1.129990,1.313270,151.054000,0.852970,165.453200,1831.330000
2026-09-23T21:00:00+00:00,1.130410,1.313450,151.068000,0.853070,165.458900,1831.770000
2026-09-23T22:00:00+00:00,1.130870,1.313670,151.085000,0.853170,165.465000,1832.210000
2026-09-23T23:00:00+00:00,1.131290,1.313850,151.099000,0.853270,165.470700,1832.650000
2026-09-24T00:00:00+00:00,1.131750,1.314060,151.116000,0.853370,165.477100,1833.130000
2026-09-24T01:00:00+00:00,1.132170,1.314240,151.130000,0.853470,165.482800,1833.570000
2026-09-24T02:00:00+00:00,1.132630,1.314460,151.147000,0.853570,165.489200,1834.050000
2026-09-24T03:00:00+00:00,1.133010,1.314640,151.161000,0.853670,165.494900,1834.450000
2026-09-24T04:00:00+00:00,1.133470,1.314850,151.178000,0.853770,165.501200,1834.890000
2026-09-24T05:00:00+00:00,1.133850,1.315030,151.192000,0.853870,165.507000,1835.310000
2026-09-24T06:00:00+00:00,1.134310,1.315250,151.209000,0.853970,165.513400,1835.750000
2026-09-24T07:00:00+00:00,1.134690,1.315430,151.223000,0.854070,165.519100,1836.150000
2026-09-24T08:00:00+00:00,1.135150,1.315640,151.240000,0.854170,165.525500,1836.570000
2026-09-24T09:00:00+00:00,1.135530,1.315820,151.254000,0.854270,165.531200,1836.970000
2026-09-24T10:00:00+00:00,1.135990,1.316040,151.271000,0.854370,165.537600,1837.390000
2026-09-24T11:00:00+00:00,1.136410,1.316220,151.285000,0.854470,165.543400,1837.810000
2026-09-24T12:00:00+00:00,1.136870,1.316430,151.302000,0.854570,165.549700,1838.230000
2026-09-24T13:00:00+00:00,1.137290,1.316610,151.316000,0.854670,165.555400,1838.630000
2026-09-24T14:00:00+00:00,1.137750,1.316830,151.333000,0.854770,165.561800,1839.010000
2026-09-24T15:00:00+00:00,1.138170,1.317010,151.347000,0.854870,165.567500,1839.350000
2026-09-24T16:00:00+00:00,1.138630,1.317220,151.364000,0.854970,165.573900,1839.730000
2026-09-24T17:00:00+00:00,1.139050,1.317400,151.378000,0.855070,165.579600,1840.050000
2026-09-24T18:00:00+00:00,1.139510,1.317610,151.395000,0.855170,165.586000,1840.430000
2026-09-24T19:00:00+00:00,1.139930,1.317790,151.409000,0.855270,165.591700,1840.770000
2026-09-24T20:00:00+00:00,1.140390,1.318010,151.426000,0.855370,165.598100,1841.150000
2026-09-24T21:00:00+00:00,1.140810,1.318190,151.440000,0.855470,165.603800,1841.530000
2026-09-24T22:00:00+00:00,1.141270,1.318400,151.457000,0.855570,165.610200,1841.890000
2026-09-24T23:00:00+00:00,1.141690,1.318580,151.471000,0.855670,165.615900,1842.230000
2026-09-25T00:00:00+00:00,1.142150,1.318770,151.488000,0.855770,165.622300,1842.610000
2026-09-25T01:00:00+00:00,1.142570,1.318950,151.502000,0.855870,165.628000,1842.950000
2026-09-25T02:00:00+00:00,1.143030,1.319160,151.519000,0.855970,165.634400,1843.330000
2026-09-25T03:00:00+00:00,1.143450,1.319340,151.533000,0.856070,165.640100,1843.670000
2026-09-25T04:00:00+00:00,1.143910,1.319550,151.550000,0.856170,165.646500,1844.050000
2026-09-25T05:00:00+00:00,1.144330,1.319730,151.564000,0.856270,165.652200,1844.390000
2026-09-25T06:00:00+00:00,1.144790,1.319950,151.581000,0.856370,165.658600,1844.770000
2026-09-25T07:00:00+00:00,1.145170,1.320130,151.595000,0.856470,165.664300,1845.110000
2026-09-25T08:00:00+00:00,1.145630,1.320340,151.612000,0.856570,165.670700,1845.490000
2026-09-25T09:00:00+00:00,1.146050,1.320520,151.626000,0.856670,165.676400,1845.830000
2026-09-25T10:00:00+00:00,1.146510,1.320740,151.643000,0.856770,165.682800,1846.210000
2026-09-25T11:00:00+00:00,1.146930,1.320920,151.657000,0.856870,165.688500,1846.550000
2026-09-25T12:00:00+00:00,1.147390,1.321130,151.674000,0.856970,165.694900,1846.930000
2026-09-25T13:00:00+00:00,1.147810,1.321310,151.688000,0.857070,165.700600,1847.270000
2026-09-25T14:00:00+00:00,1.148270,1.321530,151.705000,0.857170,165.707000,1847.650000
2026-09-25T15:00:00+00:00,1.148690,1.321710,151.719000,0.857270,165.712700,1847.990000
2026-09-25T16:00:00+00:00,1.149150,1.321920,151.736000,0.857370,165.719100,1848.370000
2026-09-25T17:00:00+00:00,1.149570,1.322100,151.750000,0.857470,165.724800,1848.710000
2026-09-25T18:00:00+00:00,1.150030,1.322310,151.767000,0.857570,165.731200,1849.090000
2026-09-25T19:00:00+00:00,1.150450,1.322490,151.781000,0.857670,165.736900,1849.430000
2026-09-25T20:00:00+00:00,1.150910,1.322710,151.798000,0.857770,165.743300,1849.750000
2026-09-25T21:00:00+00:00,1.151330,1.322890,151.812000,0.857870,165.749000,1850.050000
2026-09-25T22:00:00+00:00,1.151790,1.323110,151.829000,0.857970,165.755400,1850.390000
2026-09-25T23:00:00+00:00,1.152210,1.323290,151.843000,0.858070,165.761100,1850.670000
